<?xml version="1.0" encoding="UTF-8"?>
<!DOCTYPE beans PUBLIC "-//SPRING//DTD BEAN//EN" "http://www.springframework.org/dtd/spring-beans.dtd">

<beans>

  <bean id="myDataSource" class="org.springframework.jdbc.datasource.DriverManagerDataSource" >
    <property name="driverClassName" value="com.mysql.jdbc.Driver"/>
    <property name="url" value="jdbc:mysql://localhost:3306/dxchm"/>
    <property name="username" value="root"/>
    <property name="password" value="root"/>
  </bean>

  <bean id="mySessionFactory" class="org.springframework.orm.hibernate3.LocalSessionFactoryBean">
    <property name="dataSource" ref="myDataSource"/>
    <property name="mappingResources">
      <list>
        <value>org/me/Room/Room.hbm.xml</value>
        <value>org/me/Room/Booking.hbm.xml</value>
        <value>org/me/Room/Billing.hbm.xml</value>
      </list>
    </property>
    <property name="hibernateProperties">
      <props>
        <prop key="hibernate.dialect">org.hibernate.dialect.MySQLDialect</prop>
        
      </props>
     
    </property>
  </bean>
	<bean id="hibernateTemplate" class="org.springframework.orm.hibernate3.HibernateTemplate">
	<property name="sessionFactory" ref ="mySessionFactory"/>
	</bean>
</beans>

