<?xml version="1.0"?>
<!DOCTYPE hibernate-mapping PUBLIC "-//Hibernate/Hibernate Mapping DTD 3.0//EN"
"http://hibernate.sourceforge.net/hibernate-mapping-3.0.dtd">
<!-- Generated Sep 25, 2017 10:35:20 AM by Hibernate Tools 3.4.0.CR1 -->
<hibernate-mapping>
    <class name="org.me.Room.Billing" table="BILLING">
        <id name="bookId" type="java.lang.String">
            <column name="BOOKID" />
            <generator class="assigned" />
        </id>
        <property name="roomId" type="java.lang.String">
            <column name="ROOMID" />
        </property>
        <property name="noOfDays" type="int">
            <column name="NOOFDAYS" />
        </property>
        <property name="billAmt" type="int">
            <column name="BILLAMT" />
        </property>
    </class>
</hibernate-mapping>
