<?xml version="1.0"?>
<!DOCTYPE hibernate-mapping PUBLIC "-//Hibernate/Hibernate Mapping DTD 3.0//EN"
"http://hibernate.sourceforge.net/hibernate-mapping-3.0.dtd">
<!-- Generated Sep 25, 2017 3:26:04 PM by Hibernate Tools 3.4.0.CR1 -->
<hibernate-mapping>
    <class name="org.me.Room.Room" table="ROOM">
        <id name="roomId" type="java.lang.String">
            <column name="ROOMID" />
            <generator class="assigned" />
        </id>
        <property name="type" type="java.lang.String">
            <column name="TYPE" />
        </property>
        <property name="costPerDay" type="int">
            <column name="COSTPERDAY" />
        </property>
        <property name="status" type="java.lang.String">
            <column name="STATUS" />
        </property>
    </class>
</hibernate-mapping>
