<?xml version="1.0" encoding="UTF-8"?>
<!DOCTYPE beans PUBLIC "-//SPRING//DTD BEAN//EN" 
"http://www.springframework.org/dtd/spring-beans.dtd">
<beans>
	<bean id="studentOne" class="com.dxc.wire.Student">
		<property name="sno" value="1" />
		<property name="name" value="Shankar" />
		<property name="lunchBox">
			<bean class="com.dxc.wire.LunchBox">
				<property name="snacks" value="Pizza" />
			</bean>
		</property>
	</bean>

	<bean id="studentTwo" class="com.dxc.wire.Student">
		<property name="sno" value="2" />
		<property name="name" value="Madhura" />
		<property name="lunchBox">
			<bean class="com.dxc.wire.LunchBox">
				<property name="snacks" value="Burger" />
			</bean>
		</property>
	</bean>
	
	<bean id="studentThree" class="com.dxc.wire.Student">
		<property name="sno" value="3" />
		<property name="name" value="Sanil" />
		<property name="lunchBox">
			<bean class="com.dxc.wire.LunchBox">
				<property name="snacks" value="Frensh Fries" />
			</bean>
		</property>
	</bean>	
	<bean id="faculty" class="com.dxc.wire.Faculty">
		<property name="facultyName" value="Prasanna" />
		<property name="students">
			<list>
				<ref bean="studentOne" />
				<ref bean="studentTwo" />
				<ref bean="studentThree" />
			</list>
		</property>
	</bean>
</beans>